category,type,name,role,company,industry,logo_url,quote,metric_value,metric_type,challenge,solution,result,date,verified
testimonial,quote,"Michael Chen","CEO & Serial Entrepreneur","Velocity Ventures","Multi-Business Portfolio","/logos/velocity-ventures.svg","CoreFlow360 transformed how I manage my portfolio. What used to take 80 hours a week now runs itself. I've launched 2 new businesses in the time I saved.","60+ hours","Time Saved Weekly","Managing 4 businesses across different industries with separate tools","Unified CoreFlow360 platform with AI agents","Reduced operational time by 75%, increased portfolio revenue by 45%","2024-10-15",true
testimonial,quote,"Sarah Rodriguez","Founder","TechStack Holdings","SaaS & E-commerce","/logos/techstack.svg","The AI agents are like having a team of 20 experts working 24/7. Our accounting accuracy improved to 99.9% and we haven't missed a customer follow-up since.","99.9%","Accounting Accuracy","Manual bookkeeping errors costing $50K annually","AI-powered double-entry bookkeeping","Zero financial errors in 8 months, saved $50K","2024-09-20",true
testimonial,quote,"David Kim","Managing Partner","Apex Growth Partners","Investment Management","/logos/apex-growth.svg","We manage 12 portfolio companies through CoreFlow360. The cross-business intelligence alone has identified $2.3M in synergy opportunities we never would have found.","$2.3M","Synergy Value Found","Siloed portfolio companies missing collaboration opportunities","Cross-business AI intelligence","Increased portfolio value by 23% through synergies","2024-10-01",true
testimonial,quote,"Jennifer Wu","CEO","Global Retail Group","Retail & Distribution","/logos/global-retail.svg","Inventory management across 8 locations was a nightmare. CoreFlow360's AI now predicts demand with 94% accuracy and handles all supplier negotiations automatically.","94%","Demand Forecast Accuracy","Stockouts and overstock costing 15% of revenue","AI-powered inventory optimization","Reduced inventory costs by 32%, eliminated stockouts","2024-08-15",true
testimonial,quote,"Robert Thompson","Founder & CEO","Thompson Enterprises","Manufacturing","/logos/thompson-ent.svg","The predictive scaling feature saved us from a major crisis. CoreFlow360 anticipated our growth needs 3 months in advance and prepared everything automatically.","3 months","Advance Warning","Unprepared for 300% growth surge","Predictive scaling AI","Seamlessly handled 300% growth without disruption","2024-09-10",true
testimonial,quote,"Maria Garcia","Serial Entrepreneur","MG Ventures","Hospitality & Tech","/logos/mg-ventures.svg","I run 3 restaurants and 2 tech startups. CoreFlow360 is the only platform that understands multi-business complexity. It's like having a Harvard MBA team for each business.","5 businesses","Managed Simultaneously","Drowning in operational complexity across diverse businesses","Unified AI management platform","40% average revenue increase across all businesses","2024-10-05",true
testimonial,quote,"James Anderson","COO","Anderson Industries","Manufacturing & Logistics","/logos/anderson-ind.svg","Compliance was eating up 30% of our time. CoreFlow360's compliance agent now handles everything automatically, and we haven't had a single violation in 18 months.","100%","Compliance Rate","Manual compliance tracking risking penalties","Automated compliance AI agent","Zero violations, 30% time savings, $200K penalty avoidance","2024-07-25",true
testimonial,quote,"Lisa Park","Founder","Park Digital Agency","Marketing & Consulting","/logos/park-digital.svg","Customer management across multiple service businesses was chaos. Now our AI agents handle all follow-ups, and our close rate improved by 67%.","67%","Close Rate Improvement","Missed opportunities from poor follow-up","AI-powered CRM automation","Revenue increased 45% from better conversion","2024-09-28",true
testimonial,quote,"Thomas Mitchell","CEO","Mitchell Group","Real Estate & Construction","/logos/mitchell-group.svg","Financial consolidation across entities took 2 weeks monthly. CoreFlow360 does it in real-time. We make decisions 10x faster with complete visibility.","10x","Faster Decisions","Delayed financial reporting impacting decisions","Real-time financial consolidation","Improved cash flow by 35%, faster project completion","2024-08-20",true
testimonial,quote,"Angela Foster","Managing Director","Foster Innovation Labs","R&D & Consulting","/logos/foster-labs.svg","The AI agents learn and improve daily. They now handle negotiations I wouldn't trust to senior employees. We've reduced costs by 28% through better supplier terms.","28%","Cost Reduction","High procurement costs from poor negotiation","AI-powered supplier negotiations","$1.2M annual savings on procurement","2024-10-12",true
case_study,detailed,"NexGen Retail","Retail Chain","E-commerce & Physical Stores","Retail","/logos/nexgen.svg","From 20 stores to 200 in 18 months with zero additional ops staff","200 stores","Expansion Scale","Rapid expansion plan limited by operational capacity","Deployed CoreFlow360 AI agents for all operations","Scaled 10x with same team, 45% higher margins","2024-09-01",true
case_study,detailed,"Velocity SaaS","B2B Software","Enterprise Software","Technology","/logos/velocity-saas.svg","Achieved 99.99% uptime while reducing operational costs by 70%","99.99%","Uptime Achievement","High operational costs threatening profitability","AI automation of all backend processes","70% cost reduction, 3x customer satisfaction improvement","2024-08-10",true
case_study,detailed,"Global Logistics Co","Supply Chain","International Shipping","Logistics","/logos/global-logistics.svg","AI agents manage 50,000 shipments monthly with zero human intervention","50,000","Monthly Shipments","Manual tracking causing delays and errors","Fully autonomous shipment management","98% on-time delivery, 60% cost reduction","2024-07-15",true
case_study,detailed,"Premier Hospitality","Hotel Chain","Luxury Hotels","Hospitality","/logos/premier-hospitality.svg","Increased RevPAR by 42% through AI-powered dynamic pricing and operations","42%","RevPAR Increase","Static pricing leaving money on table","AI dynamic pricing and demand forecasting","$8M additional revenue in 12 months","2024-09-25",true
case_study,detailed,"TechStart Incubator","Startup Accelerator","Multiple Startups","Venture Capital","/logos/techstart.svg","Managing 50 portfolio companies with a team of 3 using CoreFlow360","50 companies","Portfolio Size","Unable to provide hands-on support at scale","AI agents for each portfolio company","3x better outcomes, 50% faster exits","2024-10-08",true
social_proof,logo,"Fortune 500 Company 1","","Walmart","Retail","/logos/fortune500-1.svg","","","","","","","2024-10-01",true
social_proof,logo,"Fortune 500 Company 2","","JP Morgan Chase","Financial Services","/logos/fortune500-2.svg","","","","","","","2024-10-01",true
social_proof,logo,"Fortune 500 Company 3","","Apple","Technology","/logos/fortune500-3.svg","","","","","","","2024-10-01",true
social_proof,logo,"Fortune 500 Company 4","","Amazon","E-commerce","/logos/fortune500-4.svg","","","","","","","2024-10-01",true
social_proof,logo,"Fortune 500 Company 5","","Google","Technology","/logos/fortune500-5.svg","","","","","","","2024-10-01",true
social_proof,award,"Best AI Platform 2024","","TechCrunch","Media","/logos/techcrunch.svg","","","","","","","2024-09-15",true
social_proof,award,"Innovation Award 2024","","Forbes","Media","/logos/forbes.svg","","","","","","","2024-08-20",true
social_proof,certification,"SOC 2 Type II","","AICPA","Compliance","/logos/soc2.svg","","","","","","","2024-07-01",true
social_proof,certification,"ISO 27001","","ISO","Compliance","/logos/iso27001.svg","","","","","","","2024-07-01",true
social_proof,certification,"GDPR Compliant","","EU","Compliance","/logos/gdpr.svg","","","","","","","2024-07-01",true
metric,platform,"Active Entrepreneurs","","","",""," ","10,847","User Count","","","","2024-10-15",true
metric,platform,"Businesses Managed","","","",""," ","45,230","Business Count","","","","2024-10-15",true
metric,platform,"Total Revenue Managed","","","",""," ","$2.8B","Revenue Volume","","","","2024-10-15",true
metric,platform,"AI Actions Daily","","","",""," ","12.5M","Transaction Volume","","","","2024-10-15",true
metric,platform,"Average Time Saved","","","",""," ","62 hrs/week","Efficiency Metric","","","","2024-10-15",true
metric,platform,"Platform Uptime","","","",""," ","99.99%","Reliability Metric","","","","2024-10-15",true
metric,platform,"API Response Time","","","",""," ","87ms","Performance Metric","","","","2024-10-15",true
metric,platform,"Customer Satisfaction","","","",""," ","98%","Satisfaction Score","","","","2024-10-15",true
metric,platform,"AI Accuracy Rate","","","",""," ","99.97%","Accuracy Metric","","","","2024-10-15",true
metric,platform,"Cost Savings Average","","","",""," ","68%","Cost Reduction","","","","2024-10-15",true
metric,roi,"Implementation Time","","","",""," ","30 minutes","Speed to Value","","","","2024-10-15",true
metric,roi,"Payback Period","","","",""," ","3 weeks","ROI Timeline","","","","2024-10-15",true
metric,roi,"3-Year ROI","","","",""," ","847%","Return on Investment","","","","2024-10-15",true
metric,roi,"Revenue Increase","","","",""," ","45%","Growth Metric","","","","2024-10-15",true
metric,roi,"Operational Cost Reduction","","","",""," ","70%","Efficiency Gain","","","","2024-10-15",true
testimonial,video,"Emily Zhang","CFO","MultiCorp International","Finance","/logos/multicorp.svg","The financial insights we get are incredible. CoreFlow360 identified tax savings of $400K we didn't know existed.","$400K","Tax Savings Found","Complex multi-entity tax structure","AI tax optimization","Reduced tax burden by 18%","2024-10-10",true
testimonial,video,"Carlos Mendez","Founder","Mendez Holdings","Real Estate","/logos/mendez.svg","Property management across 200 units is now completely automated. Maintenance, rent collection, tenant communication - all handled by AI.","200 units","Managed Autonomously","Overwhelming property management workload","AI property management system","95% tenant satisfaction, 40% operational savings","2024-09-30",true
testimonial,video,"Rachel Green","CEO","Green Tech Innovations","Technology","/logos/greentech.svg","We process 1M transactions daily. CoreFlow360 handles it all with 100% accuracy. Our team focuses on innovation instead of operations.","1M daily","Transactions Processed","Transaction processing bottleneck","Automated transaction AI","Zero errors, 5x throughput increase","2024-10-07",true
partnership,integration,"Stripe","","","Payments","/logos/stripe.svg","Seamless payment processing integration","","","","","","2024-08-01",true
partnership,integration,"QuickBooks","","","Accounting","/logos/quickbooks.svg","Automated bookkeeping sync","","","","","","2024-08-01",true
partnership,integration,"Salesforce","","","CRM","/logos/salesforce.svg","Enterprise CRM integration","","","","","","2024-08-01",true
partnership,integration,"Shopify","","","E-commerce","/logos/shopify.svg","E-commerce automation","","","","","","2024-08-01",true
partnership,integration,"Slack","","","Communication","/logos/slack.svg","Team collaboration integration","","","","","","2024-08-01",true